video-id,n_video,date,channel,url,n_comments,youtuber-age,address,name,city,age,hobbies,health,places,school,relationship,fam&friends,pei,level,anger,anticipation,disgust ,fear,joy,sadness,surprise,trust,negative,positive,negative %,positive %,Pei_acc,Pos_acc,Neg_acc,Nor_pei,Nor_pos,Nor_neg
Its JoJo Siwa_1,1,2017-05-24,Its JoJo Siwa,https://goo.gl/oFgC0d,Comments are turned off.,13,N,Y,Y,Y,Y,N,Y,Y,Y,Y,15,H,51,79,48,55,79,53,44,81,123,150,,,83,68.88626595,46.58927315,0.784313725,0.171861298,0.261414574
Its JoJo Siwa_2,2,2017-02-15,Its JoJo Siwa,https://www.youtube.com/watch?v=AiV0at6HplQ,3989,13,N,Y,N,Y,Y,N,N,N,N,N,3,L,57,73,53,56,78,61,45,84,139,149,3.484582602,3.735271998,68,68.88626595,46.58927315,0.637254902,0.171861298,0.261414574
Its JoJo Siwa_3,3,2016-12-09,Its JoJo Siwa,https://goo.gl/c1s9rA,2231,13,N,Y,Y,Y,Y,N,Y,N,N,Y,10,H,25,54,21,21,58,29,27,59,52,91,2.330793366,4.078888391,65,65.15099395,43.10469055,0.607843137,0.162285126,0.241133704
Its JoJo Siwa_4,4,2016-08-31,Its JoJo Siwa,https://goo.gl/YE31sb,16077,13,N,Y,Y,Y,Y,N,N,N,N,N,4,L,135,163,118,147,145,126,95,173,306,300,1.903340175,1.86601978,55,61.07210556,40.77389718,0.509803922,0.15182802,0.227568085
Its JoJo Siwa_5,5,2016-04-13,Its JoJo Siwa,https://goo.gl/8svWtw,1537,13,N,Y,Y,Y,Y,N,N,N,N,Y,7,M,28,45,18,26,45,24,20,46,62,76,4.033832141,4.944697463,51,59.20608578,38.87055701,0.470588235,0.147044077,0.216490317
Its JoJo Siwa_6,6,2015-10-18,Its JoJo Siwa,https://goo.gl/cNRYLR,1844,13,N,Y,Y,Y,Y,N,N,N,N,Y,7,M,35,63,24,43,63,38,33,64,77,122,4.175704989,6.616052061,44,54.26138832,34.83672487,0.401960784,0.134367284,0.193012719
Its JoJo Siwa_7,7,2015-09-26,Its JoJo Siwa,https://goo.gl/3kam50,276,13,N,Y,Y,Y,Y,N,Y,N,N,Y,10,H,6,23,8,13,18,8,3,20,24,33,8.695652174,11.95652174,37,47.64533626,30.66101988,0.333333333,0.117405614,0.168709397
Its JoJo Siwa_8,8,2015-07-29,Its JoJo Siwa,https://goo.gl/0QCkko,233,13,N,Y,Y,Y,Y,N,Y,N,N,Y,10,H,14,26,11,19,32,13,12,28,28,57,12.01716738,24.46351931,27,35.68881452,21.9653677,0.235294118,0.086752503,0.118099204
Its JoJo Siwa_9,9,2015-06-10,Its JoJo Siwa,https://goo.gl/r5cijF,5381,13,N,Y,Y,Y,Y,Y,N,N,Y,Y,13,H,84,88,83,90,91,91,55,101,197,188,3.661029548,3.493774391,17,11.22529521,9.948200322,0.137254902,0.024035018,0.04815722
Its JoJo Siwa_10,10,2015-02-07,Its JoJo Siwa,https://goo.gl/A7NrPo,1177,13,N,Y,Y,Y,Y,N,N,N,N,N,4,L,42,50,34,37,49,37,18,54,74,91,6.287170773,7.731520816,4,7.731520816,6.287170773,0.009803922,0.015077977,0.026849397
Baby Gizmo_1,1,2017-03-05,Baby Gizmo,https://goo.gl/5kdq31,579,12,Y,Y,Y,Y,N,N,Y,Y,N,N,13,H,11,24,11,11,27,9,11,28,27,43,4.663212435,7.426597582,79,391.9092184,173.49023,0.745098039,1,1
Baby Gizmo_2,2,2017-01-31,Baby Gizmo,https://goo.gl/I0o0uz,8,12,N,Y,Y,N,Y,N,Y,N,N,Y,9,H,1,2,0,2,3,0,1,1,1,3,12.5,37.5,66,384.4826208,168.8270176,0.617647059,0.980960322,0.9728593
Baby Gizmo_3,3,2016-10-28,Baby Gizmo,https://goo.gl/49TsoE,11,12,N,Y,Y,N,Y,N,Y,N,N,Y,9,H,0,3,0,1,2,0,1,0,2,3,18.18181818,27.27272727,57,346.9826208,156.3270176,0.529411765,0.88482102,0.900107148
Baby Gizmo_4,4,2016-08-26,Baby Gizmo,https://goo.gl/aEjxjZ,473,12,N,Y,Y,N,Y,N,Y,Y,N,Y,11,H,8,31,5,13,26,14,12,28,29,47,6.131078224,9.936575053,48,319.7098935,138.1451994,0.441176471,0.814901527,0.794285834
Baby Gizmo_5,5,2016-05-30,Baby Gizmo,https://goo.gl/tzZ8bH,69,12,N,Y,Y,N,Y,N,N,N,N,Y,6,M,5,4,5,4,11,4,3,9,10,15,14.49275362,21.73913043,37,309.7733185,132.0141211,0.333333333,0.789426983,0.758601903
Baby Gizmo_6,6,2016-01-23,Baby Gizmo,https://goo.gl/Eo569c,4,12,N,N,N,N,Y,N,N,N,N,Y,4,L,0,0,1,0,1,0,0,0,2,2,50,50,31,288.034188,117.5213675,0.274509804,0.733694054,0.674251581
Baby Gizmo_7,7,2015-11-30,Baby Gizmo,https://goo.gl/Irccyu,9,12,N,Y,N,N,Y,N,Y,N,N,Y,8,M,0,3,0,0,2,1,0,0,1,4,11.11111111,44.44444444,27,238.034188,67.52136752,0.235294118,0.605508318,0.383242969
Baby Gizmo_8,8,2015-04-23,Baby Gizmo,https://goo.gl/ZLCuOg,2,12,N,N,N,N,Y,N,Y,N,N,N,4,L,0,0,0,0,0,0,0,0,0,1,0,50,19,193.5897436,56.41025641,0.156862745,0.491565441,0.318574389
Baby Gizmo_9,9,2015-01-15,Baby Gizmo,https://goo.gl/Px4Gw6,3,12,N,Y,N,Y,Y,N,N,N,N,Y,6,M,1,2,1,0,2,1,3,2,1,2,33.33333333,66.66666667,15,143.5897436,56.41025641,0.117647059,0.363379704,0.318574389
Baby Gizmo_10,10,2014-03-12,Baby Gizmo,https://goo.gl/hF291e,13,12,N,Y,N,Y,Y,N,Y,N,N,Y,9,H,0,5,2,1,4,0,2,5,3,10,23.07692308,76.92307692,9,76.92307692,23.07692308,0.058823529,0.192465389,0.124568647
Grace's Room_1,1,2017-06-11,Grace's Room,https://goo.gl/RtvZ9Y,534,12,N,Y,N,Y,Y,N,Y,N,N,Y,9,H,7,25,4,9,28,10,10,22,16,43,2.996254682,8.052434457,72,68.10817272,28.66899738,0.676470588,0.169866489,0.157115483
Grace's Room_2,2,2017-05-08,Grace's Room,https://goo.gl/NXAwQi,922,12,N,Y,N,Y,Y,N,Y,N,N,Y,9,H,19,44,20,20,47,22,22,38,39,77,4.229934924,8.351409978,63,60.05573826,25.6727427,0.588235294,0.149222344,0.139676765
Grace's Room_3,3,2017-04-05,Grace's Room,https://goo.gl/a8J8Dm,648,12,N,Y,Y,Y,Y,N,N,N,N,Y,7,M,14,39,7,20,44,14,19,43,31,82,4.783950617,12.65432099,54,51.70432828,21.44280777,0.5,0.127811711,0.115057815
Grace's Room_4,4,2017-02-21,Grace's Room,https://goo.gl/arQ5uU,2049,12,N,Y,Y,Y,Y,N,N,N,N,N,4,L,32,62,25,37,78,36,36,75,66,141,3.221083455,6.881405564,47,39.05000729,16.65885716,0.431372549,0.095369642,0.087214398
Grace's Room_5,5,2017-01-30,Grace's Room,https://goo.gl/xE6OGk,3286,12,N,Y,Y,Y,Y,N,N,Y,N,N,6,M,22,55,18,23,55,31,26,6,63,116,1.917224589,3.530127815,43,32.16860173,13.4377737,0.392156863,0.077727681,0.068467138
Grace's Room_6,6,2016-12-03,Grace's Room,https://goo.gl/lP7js1,882,12,N,Y,N,Y,Y,N,N,N,N,Y,6,M,11,47,10,15,53,16,22,42,24,81,2.721088435,9.183673469,37,28.63847391,11.52054911,0.333333333,0.068677441,0.05730856
Grace's Room_7,7,2016-10-15,Grace's Room,https://goo.gl/g6Zyvc,1148,12,N,Y,Y,Y,Y,N,Y,N,N,N,7,M,11,40,9,14,51,14,20,49,29,84,2.526132404,7.317073171,31,19.45480045,8.799460678,0.274509804,0.045133122,0.041471357
Grace's Room_8,8,2016-09-20,Grace's Room,https://goo.gl/aB7Wsc,4564,12,Y,Y,Y,Y,N,N,Y,Y,N,N,13,H,42,69,37,50,82,47,36,82,110,162,2.410166521,3.549517967,24,12.13772727,6.273328273,0.205882353,0.026374233,0.026768831
Grace's Room_9,9,2016-09-10,Grace's Room,https://goo.gl/tnrdGQ,3227,12,N,Y,Y,Y,Y,N,N,N,N,Y,7,M,33,54,24,33,62,32,33,59,64,112,1.983266192,3.470715835,11,8.588209308,3.863161753,0.078431373,0.017274282,0.012741247
Grace's Room_10,10,2016-07-23,Grace's Room,https://goo.gl/PSklG8,1915,12,N,Y,Y,Y,Y,N,N,N,N,N,4,L,15,49,10,19,54,15,28,55,36,98,1.879895561,5.117493473,4,5.117493473,1.879895561,0.009803922,0.008376356,0.001198296
Kelsey's Life_1,1,2017-01-17,Kelsey's Life,https://goo.gl/ybVVfi,532,16,Y,Y,Y,Y,N,N,Y,Y,N,N,13,H,5,7,7,8,13,10,7,11,10,26,1.879699248,4.887218045,105,37.66045404,15.24572893,1,0.091807224,0.078989749
Kelsey's Life_2,2,2016-12-14,Kelsey's Life,https://goo.gl/CWKBiU,168,16,N,Y,Y,Y,Y,N,N,N,N,Y,7,M,2,3,1,3,6,2,1,3,2,10,1.19047619,5.952380952,92,32.77323599,13.36602968,0.87254902,0.079277791,0.068049575
Kelsey's Life_3,3,2016-10-29,Kelsey's Life,https://goo.gl/mkDEcn,784,16,N,Y,Y,Y,Y,N,N,N,N,Y,7,M,10,14,11,13,22,10,10,17,18,39,2.295918367,4.974489796,85,26.82085504,12.17555349,0.803921569,0.064017584,0.061120799
Kelsey's Life_4,4,2016-10-10,Kelsey's Life,https://goo.gl/8uSLwt,543,16,N,Y,Y,Y,Y,N,Y,Y,N,Y,12,H,8,13,9,7,14,7,6,13,16,22,2.946593002,4.051565378,78,21.84636524,9.87963512,0.735294118,0.051264411,0.047758158
Kelsey's Life_5,5,2016-09-27,Kelsey's Life,https://goo.gl/1FjS5a,1059,16,N,Y,Y,Y,Y,N,Y,Y,N,Y,12,H,11,19,8,9,25,8,11,19,12,39,1.133144476,3.682719547,66,17.79479986,6.933042119,0.617647059,0.040877354,0.03060848
Kelsey's Life_6,6,2016-08-29,Kelsey's Life,https://goo.gl/CfJk9e,975,16,N,Y,Y,Y,Y,N,Y,N,N,Y,10,H,8,22,6,13,25,5,11,24,17,42,1.743589744,4.307692308,54,14.11208032,5.799897643,0.5,0.031435911,0.024013384
Kelsey's Life_7,7,2016-08-16,Kelsey's Life,https://goo.gl/LpJWlc,2230,16,N,Y,Y,Y,Y,N,Y,Y,N,Y,12,H,9,19,7,15,28,9,10,29,22,53,0.986547085,2.376681614,44,9.80438801,4.056307899,0.401960784,0.020392217,0.013865391
Kelsey's Life_8,8,2016-08-08,Kelsey's Life,https://goo.gl/62KSx6,785,16,N,Y,Y,Y,Y,N,Y,N,N,Y,10,H,5,6,1,5,12,1,6,6,7,24,0.891719745,3.057324841,32,7.427706395,3.069760814,0.284313725,0.014299083,0.008123517
Kelsey's Life_9,9,2016-07-19,Kelsey's Life,https://goo.gl/jys9B3,1984,16,N,Y,Y,Y,Y,N,Y,Y,N,Y,12,H,8,24,7,7,30,5,11,29,10,50,0.504032258,2.52016129,22,4.370381555,2.178041069,0.18627451,0.006460975,0.002933555
Kelsey's Life_10,10,2016-06-18,Kelsey's Life,https://goo.gl/OA93Fv,1135,16,N,Y,Y,Y,Y,N,Y,N,N,Y,10,H,11,10,8,9,10,5,4,9,19,21,1.674008811,1.850220264,10,1.850220264,1.674008811,0.068627451,0,0
FionaFrills Vlogs_1,1,2017-02-06,FionaFrills Vlogs,https://goo.gl/xpvr8u,214,13,N,Y,Y,Y,N,Y,N,N,N,N,6,M,16,22,6,18,24,17,16,22,30,39,14.01869159,18.22429907,102,241.7978621,131.4296346,0.970588235,0.615157304,0.755200091
FionaFrills Vlogs_2,2,2017-01-05,FionaFrills Vlogs,https://goo.gl/nThQW2,158,13,N,Y,Y,Y,Y,N,Y,N,N,Y,10,H,7,19,2,6,19,6,8,15,10,29,6.329113924,18.35443038,96,223.573563,117.410943,0.911764706,0.5684354,0.673608891
FionaFrills Vlogs_3,3,2016-12-09,FionaFrills Vlogs,https://goo.gl/ctX2v1,539,13,N,Y,Y,Y,Y,Y,N,Y,N,Y,12,H,29,37,30,46,36,42,17,42,71,85,13.17254174,15.76994434,86,205.2191326,111.0818291,0.81372549,0.521379877,0.636772358
FionaFrills Vlogs_4,4,2016-11-10,FionaFrills Vlogs,https://goo.gl/WxOl0g,93,13,N,Y,Y,Y,Y,N,Y,Y,N,Y,12,H,5,8,5,6,8,4,6,10,10,14,10.75268817,15.05376344,74,189.4491883,97.90928737,0.696078431,0.480950238,0.560105896
FionaFrills Vlogs_5,5,2016-09-06,FionaFrills Vlogs,https://goo.gl/itI3Uo,85,13,N,Y,Y,Y,Y,N,Y,Y,N,Y,12,H,3,10,2,4,10,1,6,6,4,12,4.705882353,14.11764706,62,174.3954248,87.1565992,0.578431373,0.442356683,0.497523399
FionaFrills Vlogs_6,6,2016-07-06,FionaFrills Vlogs,https://goo.gl/00Qxsp,96,13,N,Y,Y,Y,Y,Y,Y,N,N,Y,13,H,6,10,4,8,12,7,4,12,14,20,14.58333333,20.83333333,50,160.2777778,82.45071685,0.460784314,0.406163063,0.470134353
FionaFrills Vlogs_7,7,2016-04-26,FionaFrills Vlogs,https://goo.gl/Y5nIAx,155,13,N,Y,Y,Y,Y,Y,N,N,N,N,7,M,10,19,11,15,16,18,6,20,32,31,20.64516129,20,37,139.4444444,67.86738351,0.333333333,0.35275234,0.385256842
FionaFrills Vlogs_8,8,2016-01-13,FionaFrills Vlogs,https://goo.gl/qZaKJN,9,13,N,Y,Y,Y,Y,N,Y,N,N,Y,10,H,2,4,1,3,2,1,0,1,2,4,22.22222222,44.44444444,30,119.4444444,47.22222222,0.264705882,0.301478045,0.265098447
FionaFrills Vlogs_9,9,2015-10-14,FionaFrills Vlogs,https://goo.gl/Usv4f8,8,13,N,Y,Y,Y,Y,N,Y,N,N,Y,10,H,0,4,0,0,3,0,2,2,0,4,0,50,20,75,25,0.166666667,0.187535168,0.135761286
FionaFrills Vlogs_10,10,2015-05-11,FionaFrills Vlogs,https://goo.gl/qHb5Zz,4,13,N,Y,Y,Y,Y,N,Y,N,N,Y,10,H,1,2,0,1,1,0,1,1,1,1,25,25,10,25,25,0.068627451,0.059349431,0.135761286
Kelsey Simone_1,1,2016-11-18,Kelsey Simone,https://goo.gl/Gdwzdu,6682,17,N,Y,Y,Y,Y,N,N,N,Y,N,7,M,77,125,79,95,137,114,73,156,221,299,3.307392996,4.474708171,75,228.0218816,95.28193866,0.705882353,0.57983962,0.544814274
Kelsey Simone_2,2,2016-08-26,Kelsey Simone,https://goo.gl/EwIdqM,1402,17,N,Y,Y,Y,Y,N,Y,N,Y,Y,13,H,23,47,18,26,57,28,23,51,56,98,3.994293866,6.990014265,68,223.5471734,91.97454566,0.637254902,0.568367745,0.525564677
Kelsey Simone_3,3,2016-04-29,Kelsey Simone,https://goo.gl/Q2AVzZ,1146,17,N,Y,Y,Y,Y,N,N,N,N,Y,7,M,27,42,18,33,48,19,29,48,54,88,4.712041885,7.678883072,55,216.5571592,87.9802518,0.509803922,0.550447342,0.502317199
Kelsey Simone_4,4,2015-08-04,Kelsey Simone,https://goo.gl/oXHpIZ,314,17,N,Y,Y,Y,Y,N,Y,Y,N,Y,12,H,7,20,5,13,25,11,4,21,17,37,5.414012739,11.78343949,48,208.8782761,83.26820991,0.441176471,0.530760877,0.474892304
Kelsey Simone_5,5,2015-03-09,Kelsey Simone,https://goo.gl/VhS6sm,24,17,N,Y,Y,Y,Y,N,Y,N,N,Y,10,H,3,3,1,3,5,1,1,4,6,8,25,33.33333333,36,197.0948366,77.85419717,0.323529412,0.500551499,0.443381817
Kelsey Simone_6,6,2015-02-01,Kelsey Simone,https://goo.gl/mE79cq,38,17,N,Y,Y,Y,Y,N,N,N,N,N,4,L,1,6,1,0,8,0,1,7,2,12,5.263157895,31.57894737,26,163.7615033,52.85419717,0.225490196,0.415094342,0.297877511
Kelsey Simone_7,7,2014-12-11,Kelsey Simone,https://goo.gl/Xkqwys,26,17,N,Y,Y,Y,Y,N,N,N,N,N,4,L,5,6,3,5,9,6,3,9,8,15,30.76923077,57.69230769,22,132.1825559,47.59103928,0.18627451,0.334134929,0.267245026
Kelsey Simone_8,8,2014-07-27,Kelsey Simone,https://goo.gl/A7gdTj,32,17,N,Y,Y,Y,Y,N,N,N,N,N,4,L,1,3,2,1,4,2,2,2,3,5,9.375,15.625,18,74.49024823,16.82180851,0.147058824,0.18622831,0.088162803
Kelsey Simone_9,9,2014-06-02,Kelsey Simone,https://goo.gl/9jwMNj,12,17,N,Y,Y,Y,Y,N,Y,N,N,Y,10,H,0,2,0,1,3,0,0,2,0,4,0,33.33333333,14,58.86524823,7.446808511,0.107843137,0.146170267,0.033598689
Kelsey Simone_10,10,2016-05-15,Kelsey Simone,https://goo.gl/ZjbmUS,94,17,N,Y,Y,Y,Y,N,N,N,N,N,4,L,2,17,1,2,16,2,8,12,7,24,7.446808511,25.53191489,4,25.53191489,7.446808511,0.009803922,0.060713109,0.033598689
speakingofsarah_1,1,2017-04-10,speakingofsarah,https://goo.gl/pV5LuA,550,16,N,Y,Y,Y,Y,N,N,N,Y,Y,10,H,12,22,12,12,26,16,11,29,30,45,5.454545455,8.181818182,65,149.0888966,97.11312539,0.607843137,0.377477964,0.555472096
speakingofsarah_2,2,2016-12-14,speakingofsarah,https://goo.gl/QUSDFD,590,16,N,Y,Y,Y,Y,N,Y,N,N,N,7,M,20,37,19,19,33,18,13,38,43,64,7.288135593,10.84745763,55,140.9070784,91.65857993,0.509803922,0.356502116,0.523725702
speakingofsarah_3,3,2016-11-12,speakingofsarah,https://goo.gl/TTw211,301,16,N,Y,N,Y,Y,N,N,N,N,N,3,L,8,14,6,6,15,9,5,14,18,30,5.980066445,9.966777409,48,130.0596208,84.37044434,0.441176471,0.328692329,0.481307498
speakingofsarah_4,4,2016-09-12,speakingofsarah,https://goo.gl/7erCsF,950,16,N,Y,Y,Y,Y,N,N,Y,N,N,6,M,20,40,19,19,40,27,18,46,51,81,5.368421053,8.526315789,45,120.0928434,78.3903779,0.411764706,0.303140355,0.446502481
speakingofsarah_5,5,2016-07-26,speakingofsarah,https://goo.gl/xD6umu,597,16,N,Y,Y,Y,Y,N,Y,N,N,Y,10,H,31,24,29,31,29,25,13,27,65,65,10.88777219,10.88777219,39,111.5665276,73.02195684,0.352941176,0.281281313,0.415257346
speakingofsarah_6,6,2016-07-07,speakingofsarah,https://goo.gl/KbxnDZ,266,16,N,Y,N,Y,Y,N,N,N,N,N,3,L,13,20,10,12,22,16,12,23,26,36,9.77443609,13.53383459,29,100.6787554,62.13418465,0.254901961,0.253368171,0.351888637
speakingofsarah_7,7,2016-06-01,speakingofsarah,https://goo.gl/44gByR,174,16,N,Y,Y,Y,Y,N,Y,N,N,N,7,M,2,17,2,3,19,5,7,16,6,31,3.448275862,17.81609195,22,87.14492078,52.35974856,0.18627451,0.21867128,0.294999735
speakingofsarah_8,8,2016-04-14,speakingofsarah,https://goo.gl/wH4aFL,25,16,N,Y,Y,Y,Y,N,Y,N,N,Y,10,H,6,4,4,5,6,3,3,2,7,7,28,28,15,69.32882883,48.9114727,0.117647059,0.172995903,0.274930176
speakingofsarah_9,9,2016-01-23,speakingofsarah,https://goo.gl/Bf6xks,392,16,N,Y,N,Y,N,N,N,N,N,N,2,L,13,22,15,17,29,19,10,29,29,49,7.397959184,12.5,5,41.32882883,20.9114727,0.019607843,0.10121189,0.111965353
speakingofsarah_10,10,2015-08-26,speakingofsarah,https://goo.gl/Bf6xks,111,16,N,Y,N,Y,Y,N,N,N,N,N,3,L,6,9,4,5,13,7,5,12,15,32,13.51351351,28.82882883,3,28.82882883,13.51351351,0,0.069165456,0.068907957
Janina Vela_1,1,2017-01-27,Janina Vela,https://goo.gl/DmWQkr,1117,16,N,Y,Y,Y,Y,N,N,N,N,N,4,L,12,49,15,15,49,19,16,49,39,90,3.491495076,8.057296329,93,148.5250891,61.74084025,0.882352941,0.376032522,0.349599305
Janina Vela_2,2,2016-12-02,Janina Vela,https://goo.gl/yuHxge,403,16,N,Y,Y,Y,Y,N,N,N,N,Y,7,M,6,28,7,10,33,9,13,32,20,50,4.962779156,12.40694789,89,140.4677928,58.24934518,0.843137255,0.355375913,0.329278202
Janina Vela_3,3,2016-09-24,Janina Vela,https://goo.gl/mvDP3h,2485,16,N,Y,Y,Y,Y,N,Y,N,N,Y,10,H,142,173,88,151,172,159,109,240,313,411,12.59557344,16.53923541,82,128.0608449,53.28656602,0.774509804,0.323568038,0.300393972
Janina Vela_4,4,2016-08-08,Janina Vela,https://goo.gl/YZWris,785,16,N,Y,Y,Y,Y,N,Y,Y,N,Y,12,H,20,51,13,23,47,16,26,55,43,86,5.477707006,10.95541401,72,111.5216095,40.69099258,0.676470588,0.281166156,0.227085566
Janina Vela_5,5,2016-05-29,Janina Vela,https://goo.gl/AMNj3s,759,16,N,Y,Y,Y,Y,N,Y,N,N,Y,10,H,22,58,14,34,69,31,29,67,55,115,7.246376812,15.15151515,60,100.5661955,35.21328557,0.558823529,0.2530796,0.195204367
Janina Vela_6,6,2016-04-12,Janina Vela,https://goo.gl/mX18Gv,769,16,N,Y,Y,Y,Y,N,N,N,N,Y,7,M,11,65,12,16,72,22,31,73,29,121,3.771131339,15.73472042,50,85.41468033,27.96690876,0.460784314,0.214235437,0.153029206
Janina Vela_7,7,2016-01-16,Janina Vela,https://goo.gl/3AKS1p,2419,16,N,Y,Y,Y,Y,N,Y,N,Y,Y,13,H,28,80,29,26,89,30,33,95,77,173,3.183133526,7.151715585,43,69.67995991,24.19577742,0.392156863,0.173896103,0.131080572
Janina Vela_8,8,2015-11-04,Janina Vela,https://goo.gl/FifxXZ,116,16,N,Y,Y,Y,Y,N,Y,N,Y,Y,13,H,4,24,4,9,22,5,9,20,13,37,11.20689655,31.89655172,30,62.52824433,21.01264389,0.264705882,0.155561144,0.112554187
Janina Vela_9,9,2015-04-14,Janina Vela,https://goo.gl/CeLJQi,157,16,N,Y,Y,Y,Y,Y,Y,N,N,Y,13,H,4,25,3,7,24,4,8,17,11,31,7.006369427,19.74522293,17,30.6316926,9.805747343,0.137254902,0.073787485,0.047328119
Janina Vela_10,10,2015-01-14,Janina Vela,https://goo.gl/ASMVDh,643,16,N,Y,Y,Y,Y,N,N,N,N,N,4,L,11,34,9,11,36,8,18,39,18,70,2.799377916,10.88646967,4,10.88646967,2.799377916,0.009803922,0.023166366,0.006549842
Emma&Ellie_1,1,2017-01-09,Emma&Ellie,https://goo.gl/E61Qf2,1777,14,N,Y,Y,Y,Y,N,N,Y,N,Y,9,H,24,64,14,27,61,25,31,74,52,114,2.926280248,6.415306697,93,145.3817158,51.6090348,0.882352941,0.36797381,0.290630452
Emma&Ellie_2,2,2016-11-11,Emma&Ellie,https://goo.gl/DZiMuS,611,14,N,Y,Y,Y,Y,N,Y,N,N,Y,10,H,16,37,10,12,38,19,21,44,32,71,5.237315876,11.6202946,84,138.9664091,48.68275456,0.794117647,0.351526793,0.273598997
Emma&Ellie_3,3,2016-08-28,Emma&Ellie,https://goo.gl/ASpvoS,648,14,N,Y,Y,Y,Y,Y,Y,N,N,Y,13,H,8,28,6,16,33,19,13,38,27,55,4.166666667,8.487654321,74,127.3461145,43.44543868,0.696078431,0.321735673,0.243116916
Emma&Ellie_4,4,2016-06-15,Emma&Ellie,https://goo.gl/yjV66x,173,14,N,Y,Y,Y,Y,N,Y,N,N,Y,10,H,4,12,0,5,14,4,4,15,5,22,2.89017341,12.71676301,61,118.8584601,39.27877201,0.568627451,0.299975748,0.218866199
Emma&Ellie_5,5,2016-02-20,Emma&Ellie,https://goo.gl/pFDduS,846,14,N,Y,Y,Y,Y,N,N,N,N,Y,7,M,19,34,10,21,36,21,18,43,30,70,3.546099291,8.274231678,51,106.1416971,36.3885986,0.470588235,0.267373596,0.202044892
Emma&Ellie_6,6,2015-12-11,Emma&Ellie,https://goo.gl/bMegUF,76,14,N,Y,Y,Y,Y,N,Y,Y,N,Y,12,H,2,14,1,1,15,3,8,18,7,19,9.210526316,25,44,97.86746545,32.84249931,0.401960784,0.246160826,0.181405983
Emma&Ellie_7,7,2015-09-22,Emma&Ellie,https://goo.gl/2g48mZ,376,14,N,Y,Y,Y,Y,N,Y,Y,N,Y,12,H,8,29,7,10,33,13,16,33,22,54,5.85106383,14.36170213,32,72.86746545,23.631973,0.284313725,0.182067958,0.127799133
Emma&Ellie_8,8,2015-07-17,Emma&Ellie,https://goo.gl/tyZLqE,35,14,N,Y,Y,Y,Y,N,N,Y,N,Y,9,H,2,8,1,3,6,1,2,2,4,9,11.42857143,25.71428571,20,58.50576332,17.78090917,0.166666667,0.14524865,0.093744934
Emma&Ellie_9,9,2015-06-30,Emma&Ellie,https://goo.gl/VgUdED,37,14,N,Y,N,Y,Y,N,Y,N,N,N,6,M,0,6,1,1,8,0,2,6,1,9,2.702702703,24.32432432,14,32.79147761,6.352337739,0.107843137,0.079324557,0.02722868
Emma&Ellie_10,10,2017-06-25,Emma&Ellie,https://goo.gl/7x2KfP,685,14,N,Y,Y,Y,Y,N,N,N,N,Y,7,M,9,31,5,11,33,12,8,34,25,58,3.649635036,8.467153285,7,8.467153285,3.649635036,0.039215686,0.016963929,0.011498485
Sasha Morga_1,1,2017-02-28,Sasha Morga,https://goo.gl/3TJsas,10470,13,Y,Y,N,Y,N,N,N,N,N,N,7,H,82,110,83,86,119,86,65,136,205,262,1.957975167,2.502387775,81,108.5679406,37.21861342,0.764705882,0.273593792,0.206875721
Sasha Morga_2,2,2016-12-26,Sasha Morga,https://goo.gl/8MpkFS,3063,13,N,Y,Y,Y,Y,N,N,N,N,N,4,L,51,89,45,51,88,49,42,98,115,180,3.754489063,5.876591577,74,106.0655528,35.26063826,0.696078431,0.267178383,0.195479968
Sasha Morga_3,3,2016-10-14,Sasha Morga,https://goo.gl/HX0UBO,769,13,N,Y,Y,Y,Y,N,N,N,N,Y,7,M,26,41,20,26,38,24,21,35,46,70,5.981794538,9.102730819,70,100.1889613,31.50614919,0.656862745,0.252112479,0.173628195
Sasha Morga_4,4,2016-07-22,Sasha Morga,https://goo.gl/RqWN2Q,1549,13,N,Y,Y,Y,Y,N,N,N,N,N,4,L,21,53,22,18,59,19,24,55,50,103,3.227888961,6.649451259,63,91.08623044,25.52435466,0.588235294,0.228775674,0.138813121
Sasha Morga_5,5,2016-05-09,Sasha Morga,https://goo.gl/NSTh9n,399,13,N,Y,Y,Y,Y,N,Y,N,N,Y,10,H,5,22,6,4,20,6,10,22,10,34,2.506265664,8.521303258,59,84.43677918,22.29646569,0.549019608,0.211728378,0.120026251
Sasha Morga_6,6,2016-01-30,Sasha Morga,https://goo.gl/flOQHz,1919,13,N,Y,Y,Y,Y,N,Y,N,N,N,7,M,19,57,15,19,58,27,31,57,54,105,2.813965607,5.471599792,49,75.91547592,19.79020003,0.450980392,0.189882187,0.105439353
Sasha Morga_7,7,2015-09-23,Sasha Morga,https://goo.gl/JXBtHQ,176,13,N,Y,Y,Y,Y,N,N,N,N,Y,7,M,4,14,4,6,17,7,8,16,11,32,6.25,18.18181818,42,70.44387613,16.97623442,0.382352941,0.175854566,0.089061589
Sasha Morga_8,8,2015-06-16,Sasha Morga,https://goo.gl/ojeE4X,133,13,N,Y,Y,Y,Y,N,Y,Y,N,Y,12,H,4,17,4,5,18,5,9,16,6,29,4.511278195,21.80451128,35,52.26205795,10.72623442,0.31372549,0.129241571,0.052685512
Sasha Morga_9,9,2015-04-30,Sasha Morga,https://goo.gl/Xc7Gl9,9481,13,N,Y,Y,Y,Y,N,Y,N,N,Y,10,H,90,93,84,87,106,91,65,119,210,233,2.214956228,2.457546672,23,30.45754667,6.214956228,0.196078431,0.073341024,0.026429096
Sasha Morga_10,10,2015-02-24,Sasha Morga,https://goo.gl/8kPpYA,25,13,N,Y,Y,Y,Y,Y,Y,N,N,Y,13,H,1,6,1,1,6,1,2,2,1,7,4,28,13,28,4,0.098039216,0.067040576,0.013537669